FIFA,Dial,ISO3166-1-Alpha-3,MARC,is_independent,ISO3166-1-numeric,GAUL,FIPS,WMO,ISO3166-1-Alpha-2,ITU,IOC,DS,UNTERM Spanish Formal,Global Code,Intermediate Region Code,official_name_fr,UNTERM French Short,ISO4217-currency_name,Developed / Developing Countries,UNTERM Russian Formal,UNTERM English Short,ISO4217-currency_alphabetic_code,Small Island Developing States (SIDS),UNTERM Spanish Short,ISO4217-currency_numeric_code,UNTERM Chinese Formal,UNTERM French Formal,UNTERM Russian Short,M49,Sub-region Code,Region Code,official_name_ar,ISO4217-currency_minor_unit,UNTERM Arabic Formal,UNTERM Chinese Short,Land Locked Developing Countries (LLDC),Intermediate Region Name,official_name_es,UNTERM English Formal,official_name_cn,official_name_en,ISO4217-currency_country_name,Least Developed Countries (LDC),Region Name,UNTERM Arabic Short,Sub-region Name,official_name_ru,Global Name,Capital,Continent,TLD,Languages,Geoname ID,CLDR display name,EDGAR
TPE,886,TWN,ch,Yes,158,925,TW, ,TW, ,TPE,RC,,,,,,,,,,,,,,,,,,,,,,,,,,,,,,,,,,,,,Taipei,AS,.tw,"zh-TW,zh,nan,hak",1668284,Taiwan,
AFG,93,AFG,af,Yes,004,1,AF,AF,AF,AFG,AFG,AFG,República Islámica del Afganistán (la),True,,Afghanistan,Afghanistan (l') [masc.],Afghani,Developing,Исламская Республика Афганистан,Afghanistan,AFN,,Afganistán (el),971,阿富汗伊斯兰共和国,République islamique d'Afghanistan,Афганистан,004,34,142,أفغانستان,2,جمهورية أفغانستان الإسلامية,阿富汗,x,,Afganistán,the Islamic Republic of Afghanistan,阿富汗,Afghanistan,AFGHANISTAN,x,Asia,أفغانستان,Southern Asia,Афганистан,World,Kabul,AS,.af,"fa-AF,ps,uz-AF,tk",1149361,Afghanistan,B2
ALB,355,ALB,aa,Yes,008,3,AL,AB,AL,ALB,ALB,AL,la República de Albania,True,,Albanie,Albanie (l') [fém.],Lek,Developed,Республика Албания,Albania,ALL,,Albania,008,阿尔巴尼亚共和国,la République d'Albanie,Албания,008,39,150,ألبانيا,2,جمهورية ألبانيا,阿尔巴尼亚,,,Albania,the Republic of Albania,阿尔巴尼亚,Albania,ALBANIA,,Europe,ألبانيا,Southern Europe,Албания,World,Tirana,EU,.al,"sq,el",783754,Albania,B3
ALG,213,DZA,ae,Yes,012,4,AG,AL,DZ,ALG,ALG,DZ,la República Argelina Democrática y Popular,True,,Algérie,Algérie (l') [fém.],Algerian Dinar,Developing,Алжирская Народная Демократическая Республика,Algeria,DZD,,Argelia,012,阿尔及利亚民主人民共和国,la République algérienne démocratique et populaire,Алжир,012,15,2,الجزائر,2,الجمهورية الجزائرية الديمقراطية الشعبية,阿尔及利亚,,,Argelia,the People's Democratic Republic of Algeria,阿尔及利亚,Algeria,ALGERIA,,Africa,الجزائر,Northern Africa,Алжир,World,Algiers,AF,.dz,ar-DZ,2589581,Algeria,B4
ASA,1-684,ASM,as,Territory of US,016,5,AQ, ,AS,SMA,ASA,USA,,True,,Samoa américaines,,US Dollar,Developing,,,USD,x,,840,,,,016,61,9,ساموا الأمريكية,2,,,,,Samoa Americana,,美属萨摩亚,American Samoa,AMERICAN SAMOA,,Oceania,,Polynesia,Американское Самоа,World,Pago Pago,OC,.as,"en-AS,sm,to",5880801,American Samoa,B5
AND,376,AND,an,Yes,020,7,AN, ,AD,AND,AND,AND,el Principado de Andorra,True,,Andorre,Andorre (l') [fém.],Euro,Developed,Княжество Андорра,Andorra,EUR,,Andorra,978,安道尔公国,la Principauté d'Andorre,Андорра,020,39,150,أندورا,2,إمارة أندورا,安道尔,,,Andorra,the Principality of Andorra,安道尔,Andorra,ANDORRA,,Europe,أندورا,Southern Europe,Андорра,World,Andorra la Vella,EU,.ad,ca,3041565,Andorra,B6
ANG,244,AGO,ao,Yes,024,8,AO,AN,AO,AGL,ANG,AO,la República de Angola,True,17,Angola,Angola (l') [masc.],Kwanza,Developing,Республика Ангола,Angola,AOA,,Angola,973,安哥拉共和国,la République d'Angola,Ангола,024,202,2,أنغولا,2,جمهورية أنغولا,安哥拉,,Middle Africa,Angola,the Republic of Angola,安哥拉,Angola,ANGOLA,x,Africa,أنغولا,Sub-Saharan Africa,Ангола,World,Luanda,AF,.ao,pt-AO,3351879,Angola,B7
AIA,1-264,AIA,am,Territory of GB,660,9,AV, ,AI,AIA,AIA, ,,True,29,Anguilla,,East Caribbean Dollar,Developing,,,XCD,x,,951,,,,660,419,19,أنغيلا,2,,,,Caribbean,Anguila,,安圭拉,Anguilla,ANGUILLA,,Americas,,Latin America and the Caribbean,Ангилья,World,The Valley,NA,.ai,en-AI,3573511,Anguilla,1A
ROS,672,ATA,ay,International,010,10,AY,AA,AQ, , , ,,True,,Antarctique,,No universal currency,,,,,,,,,,,010,,,أنتاركتيكا,,,,,,Antártida,,南极洲,Antarctica,ANTARCTICA,,,,,Антарктике,World,,AN,.aq,,6697173,Antarctica,B8
ATG,1-268,ATG,aq,Yes,028,11,AC,AT,AG,ATG,ANT, ,Antigua y Barbuda,True,29,Antigua-et-Barbuda,Antigua-et-Barbuda [fém.],East Caribbean Dollar,Developing,Антигуа и Барбуда,Antigua and Barbuda,XCD,x,Antigua y Barbuda,951,安提瓜和巴布达,Antigua-et-Barbuda [fém.],Антигуа и Барбуда,028,419,19,أنتيغوا وبربودا,2,أنتيغوا وبربودا,安提瓜和巴布达,,Caribbean,Antigua y Barbuda,Antigua and Barbuda,安提瓜和巴布达,Antigua and Barbuda,ANTIGUA AND BARBUDA,,Americas,أنتيغوا وبربودا,Latin America and the Caribbean,Антигуа и Барбуда,World,St. John's,NA,.ag,en-AG,3576396,Antigua & Barbuda,B9
ARG,54,ARG,ag,Yes,032,12,AR,AG,AR,ARG,ARG,RA,la República Argentina,True,5,Argentine,Argentine (l') [fém.],Argentine Peso,Developing,Аргентинская Республика,Argentina,ARS,,Argentina (la),032,阿根廷共和国,la République argentine,Аргентина,032,419,19,الأرجنتين,2,جمهورية الأرجنتين,阿根廷,,South America,Argentina,the Argentine Republic,阿根廷,Argentina,ARGENTINA,,Americas,الأرجنتين,Latin America and the Caribbean,Аргентина,World,Buenos Aires,SA,.ar,"es-AR,en,it,de,fr,gn",3865483,Argentina,C1
ARM,374,ARM,ai,Yes,051,13,AM,AY,AM,ARM,ARM,AM,la República de Armenia,True,,Arménie,Arménie (l') [fém.],Armenian Dram,Developing,Республика Армения,Armenia,AMD,,Armenia,051,亚美尼亚共和国,la République d'Arménie,Армения,051,145,142,أرمينيا,2,جمهورية أرمينيا,亚美尼亚,x,,Armenia,the Republic of Armenia,亚美尼亚,Armenia,ARMENIA,,Asia,أرمينيا,Western Asia,Армения,World,Yerevan,AS,.am,hy,174982,Armenia,1B
ARU,297,ABW,aw,Part of NL,533,14,AA,NU,AW,ABW,ARU,AW,,True,29,Aruba,,Aruban Florin,Developing,,,AWG,x,,533,,,,533,419,19,أروبا,2,,,,Caribbean,Aruba,,阿鲁巴,Aruba,ARUBA,,Americas,,Latin America and the Caribbean,Аруба,World,Oranjestad,NA,.aw,"nl-AW,pap,es,en",3577279,Aruba,1C
AUS,61,AUS,at,Yes,036,17,AS,AU,AU,AUS,AUS,AUS,Australia,True,,Australie,Australie (l') [fém.],Australian Dollar,Developed,Австралия,Australia,AUD,,Australia,036,澳大利亚,l'Australie,Австралия,036,53,9,أستراليا,2,أستراليا,澳大利亚,,,Australia,Australia,澳大利亚,Australia,AUSTRALIA,,Oceania,أستراليا,Australia and New Zealand,Австралия,World,Canberra,OC,.au,en-AU,2077456,Australia,C3
AUT,43,AUT,au,Yes,040,18,AU,OS,AT,AUT,AUT,A,la República de Austria,True,,Autriche,Autriche (l') [fém.],Euro,Developed,Австрийская Республика,Austria,EUR,,Austria,978,奥地利共和国,la République d'Autriche,Австрия,040,155,150,النمسا,2,جمهورية النمسا,奥地利,,,Austria,the Republic of Austria,奥地利,Austria,AUSTRIA,,Europe,النمسا,Western Europe,Австрия,World,Vienna,EU,.at,"de-AT,hr,hu,sl",2782113,Austria,C4
AZE,994,AZE,aj,Yes,031,19,AJ,AJ,AZ,AZE,AZE,AZ,la República de Azerbaiyán,True,,Azerbaïdjan,Azerbaïdjan (l') [masc.],Azerbaijan Manat,Developing,Азербайджанская Республика,Azerbaijan,AZN,,Azerbaiyán,944,阿塞拜疆共和国,la République d'Azerbaïdjan,Азербайджан,031,145,142,أذربيجان,2,جمهورية أذربيجان,阿塞拜疆,x,,Azerbaiyán,the Republic of Azerbaijan,阿塞拜疆,Azerbaijan,AZERBAIJAN,,Asia,أذربيجان,Western Asia,Азербайджан,World,Baku,AS,.az,"az,ru,hy",587116,Azerbaijan,1D
BAH,1-242,BHS,bf,Yes,044,20,BF,BA,BS,BAH,BAH,BS,el Commonwealth de las Bahamas,True,29,Bahamas,Bahamas (les) [fém.],Bahamian Dollar,Developing,Содружество Багамских Островов,Bahamas (the),BSD,x,Bahamas (las),044,巴哈马国,le Commonwealth des Bahamas,Багамские Острова,044,419,19,جزر البهاما,2,كمنولث جزر البهاما,巴哈马,,Caribbean,Bahamas,the Commonwealth of the Bahamas,巴哈马,Bahamas,BAHAMAS,,Americas,جزر البهاما,Latin America and the Caribbean,Багамские Острова,World,Nassau,NA,.bs,en-BS,3572887,Bahamas,C5
BHR,973,BHR,ba,Yes,048,21,BA,BN,BH,BHR,BRN,BRN,el Reino de Bahrein,True,,Bahreïn,Bahreïn [masc.],Bahraini Dinar,Developing,Королевство Бахрейн,Bahrain,BHD,,Bahrein,048,巴林王国,le Royaume de Bahreïn,Бахрейн,048,145,142,البحرين,3,مملكة البحرين,巴林,,,Bahrein,the Kingdom of Bahrain,巴林,Bahrain,BAHRAIN,,Asia,البحرين,Western Asia,Бахрейн,World,Manama,AS,.bh,"ar-BH,en,fa,ur",290291,Bahrain,C6
BAN,880,BGD,bg,Yes,050,23,BG,BW,BD,BGD,BAN,BD,la República Popular de Bangladesh,True,,Bangladesh,Bangladesh (le),Taka,Developing,Народная Республика Бангладеш,Bangladesh,BDT,,Bangladesh,050,孟加拉人民共和国,la République populaire du Bangladesh,Бангладеш,050,34,142,بنغلاديش,2,جمهورية بنغلاديش الشعبية,孟加拉国,,,Bangladesh,the People's Republic of Bangladesh,孟加拉国,Bangladesh,BANGLADESH,x,Asia,بنغلاديش,Southern Asia,Бангладеш,World,Dhaka,AS,.bd,"bn-BD,en",1210997,Bangladesh,C7
BRB,1-246,BRB,bb,Yes,052,24,BB,BR,BB,BRB,BAR,BDS,Barbados,True,29,Barbade,Barbade (la),Barbados Dollar,Developing,Барбадос,Barbados,BBD,x,Barbados,052,巴巴多斯,la Barbade,Барбадос,052,419,19,بربادوس,2,بربادوس,巴巴多斯,,Caribbean,Barbados,Barbados,巴巴多斯,Barbados,BARBADOS,,Americas,بربادوس,Latin America and the Caribbean,Барбадос,World,Bridgetown,NA,.bb,en-BB,3374084,Barbados,C8
BLR,375,BLR,bw,Yes,112,26,BO,BY,BY,BLR,BLR,BY,la República de Belarús,True,,Bélarus,Bélarus (le),Belarusian Ruble,Developed,Республика Беларусь,Belarus,BYN,,Belarús,933,白俄罗斯共和国,la République du Bélarus,Беларусь,112,151,150,بيلاروس,2,جمهورية بيلاروس,白俄罗斯,,,Belarús,the Republic of Belarus,白俄罗斯,Belarus,BELARUS,,Europe,بيلاروس,Eastern Europe,Беларусь,World,Minsk,EU,.by,"be,ru",630336,Belarus,1F
BEL,32,BEL,be,Yes,056,27,BE,BX,BE,BEL,BEL,B,el Reino de Bélgica,True,,Belgique,Belgique (la),Euro,Developed,Королевство Бельгия,Belgium,EUR,,Bélgica,978,比利时王国,le Royaume de Belgique,Бельгия,056,155,150,بلجيكا,2,مملكة بلجيكا,比利时,,,Bélgica,the Kingdom of Belgium,比利时,Belgium,BELGIUM,,Europe,بلجيكا,Western Europe,Бельгия,World,Brussels,EU,.be,"nl-BE,fr-BE,de-BE",2802361,Belgium,C9
BLZ,501,BLZ,bh,Yes,084,28,BH,BH,BZ,BLZ,BIZ,BH,Belice,True,13,Belize,Belize (le),Belize Dollar,Developing,Белиз,Belize,BZD,x,Belice,084,伯利兹,le Belize,Белиз,084,419,19,بليز,2,بليز,伯利兹,,Central America,Belice,Belize,伯利兹,Belize,BELIZE,,Americas,بليز,Latin America and the Caribbean,Белиз,World,Belmopan,NA,.bz,"en-BZ,es",3582678,Belize,D1
BEN,229,BEN,dm,Yes,204,29,BN,BJ,BJ,BEN,BEN,DY,la República de Benin,True,11,Bénin,Bénin (le),CFA Franc BCEAO,Developing,Республика Бенин,Benin,XOF,,Benin,952,贝宁共和国,la République du Bénin,Бенин,204,202,2,بنن,0,جمهورية بنن,贝宁,,Western Africa,Benin,the Republic of Benin,贝宁,Benin,BENIN,x,Africa,بنن,Sub-Saharan Africa,Бенин,World,Porto-Novo,AF,.bj,fr-BJ,2395170,Benin,G6
BER,1-441,BMU,bm,Territory of GB,060,30,BD,BE,BM,BER,BER,BM,,True,,Bermudes,,Bermudian Dollar,Developed,,,BMD,,,060,,,,060,21,19,برمودا,2,,,,,Bermuda,,百慕大,Bermuda,BERMUDA,,Americas,,Northern America,Бермудские острова,World,Hamilton,NA,.bm,"en-BM,pt",3573345,Bermuda,D0
BHU,975,BTN,bt,Yes,064,31,BT, ,BT,BTN,BHU,BT,el Reino de Bhután,True,,Bhoutan,Bhoutan (le),"Indian Rupee,Ngultrum",Developing,Королевство Бутан,Bhutan,"INR,BTN",,Bhután,"356,064",不丹王国,le Royaume du Bhoutan,Бутан,064,34,142,بوتان,"2,2",مملكة بوتان,不丹,x,,Bhután,the Kingdom of Bhutan,不丹,Bhutan,BHUTAN,x,Asia,بوتان,Southern Asia,Бутан,World,Thimphu,AS,.bt,dz,1252634,Bhutan,D2
BOL,591,BOL,bo,Yes,068,33,BL,BO,BO,BOL,BOL,BOL,Estado Plurinacional de Bolivia,True,5,Bolivie (État plurinational de),Bolivie (État plurinational de) (l'),Boliviano,Developing,Многонациональное Государство Боливия,Bolivia (Plurinational State of),BOB,,Bolivia (Estado Plurinacional de),068,玻利维亚多民族国,État plurinational de Bolivie,Боливия (Многонациональное Государство),068,419,19,بوليفيا (دولة - المتعددة القوميات),2,دولة بوليفيا المتعددة القوميات,玻利维亚（多民族国）,x,South America,Bolivia (Estado Plurinacional de),the Plurinational State of Bolivia,玻利维亚(多民族国),Bolivia (Plurinational State of),BOLIVIA (PLURINATIONAL STATE OF),,Americas,بوليفيا (دولة - المتعددة القوميات),Latin America and the Caribbean,Боливия (Многонациональное Государство),World,Sucre,SA,.bo,"es-BO,qu,ay",3923057,Bolivia,
ANT,599,BES,ca,Part of NL,535,176,NL,NU,BQ,ATN,AHO,NA,,True,29,"Bonaire, Saint-Eustache et Saba",,US Dollar,Developing,,,USD,x,,840,,,,535,419,19,بونير وسان يوستاتيوس وسابا,2,,,,Caribbean,"Bonaire, San Eustaquio y Saba",,"博纳尔,圣俄斯塔休斯和萨巴","Bonaire, Sint Eustatius and Saba","BONAIRE, SINT EUSTATIUS AND SABA",,Americas,,Latin America and the Caribbean,"Бонайре, Саба и Синт-Эстатиус",World,,NA,.bq,"nl,pap,en",7626844,Caribbean Netherlands,
BIH,387,BIH,bn,Yes,070,34,BK,BG,BA,BIH,BIH,BIH,Bosnia y Herzegovina,True,,Bosnie-Herzégovine,Bosnie-Herzégovine (la),Convertible Mark,Developed,Босния и Герцеговина,Bosnia and Herzegovina,BAM,,Bosnia y Herzegovina,977,波斯尼亚和黑塞哥维那,la Bosnie-Herzégovine,Босния и Герцеговина,070,39,150,البوسنة والهرسك,2,البوسنة والهرسك,波斯尼亚和黑塞哥维那,,,Bosnia y Herzegovina,Bosnia and Herzegovina,波斯尼亚和黑塞哥维那,Bosnia and Herzegovina,BOSNIA AND HERZEGOVINA,,Europe,البوسنة والهرسك,Southern Europe,Босния и Герцеговина,World,Sarajevo,EU,.ba,"bs,hr-BA,sr-BA",3277605,Bosnia,1E
BOT,267,BWA,bs,Yes,072,35,BC,BC,BW,BOT,BOT,BW,la República de Botswana,True,18,Botswana,Botswana (le),Pula,Developing,Республика Ботсвана,Botswana,BWP,,Botswana,072,博茨瓦纳共和国,la République du Botswana,Ботсвана,072,202,2,بوتسوانا,2,جمهورية بوتسوانا,博茨瓦纳,x,Southern Africa,Botswana,the Republic of Botswana,博茨瓦纳,Botswana,BOTSWANA,,Africa,بوتسوانا,Sub-Saharan Africa,Ботсвана,World,Gaborone,AF,.bw,"en-BW,tn-BW",933860,Botswana,B1
,47,BVT,bv,Territory of NO,074,36,BV,BV,BV, , ,BV,,True,5,Île Bouvet,,Norwegian Krone,Developing,,,NOK,,,578,,,,074,419,19,جزيرة بوفيت,2,,,,South America,Isla Bouvet,,布维岛,Bouvet Island,BOUVET ISLAND,,Americas,,Latin America and the Caribbean,Остров Буве,World,,AN,.bv,,3371123,Bouvet Island,D4
BRA,55,BRA,bl,Yes,076,37,BR,BZ,BR,B,BRA,BR,la República Federativa del Brasil,True,5,Brésil,Brésil (le),Brazilian Real,Developing,Федеративная Республика Бразилия,Brazil,BRL,,Brasil (el),986,巴西联邦共和国,la République fédérative du Brésil,Бразилия,076,419,19,البرازيل,2,الجمهورية الاتحادية البرازيلية,巴西,,South America,Brasil,the Federative Republic of Brazil,巴西,Brazil,BRAZIL,,Americas,البرازيل,Latin America and the Caribbean,Бразилия,World,Brasilia,SA,.br,"pt-BR,es,en,fr",3469034,Brazil,D5
,246,IOT,bi,Territory of GB,086,38,IO, ,IO,BIO, , ,,True,14,Territoire britannique de l'océan Indien,,US Dollar,Developing,,,USD,,,840,,,,086,202,2,المحيط الهندي الإقليم البريطاني في,2,,,,Eastern Africa,Territorio Británico del Océano Índico,,英属印度洋领土,British Indian Ocean Territory,BRITISH INDIAN OCEAN TERRITORY,,Africa,,Sub-Saharan Africa,Британская территория в Индийском океане,World,Diego Garcia,AS,.io,en-IO,1282588,British Indian Ocean Territory,D6
VGB,1-284,VGB,vb,Territory of GB,092,39,VI,VI,VG,VRG,IVB,BVI,,True,29,Îles Vierges britanniques,,US Dollar,Developing,,,USD,x,,840,,,,092,419,19,جزر فرجن البريطانية,2,,,,Caribbean,Islas Vírgenes Británicas,,英属维尔京群岛,British Virgin Islands,VIRGIN ISLANDS (BRITISH),,Americas,,Latin America and the Caribbean,Британские Виргинские острова,World,Road Town,NA,.vg,en-VG,3577718,British Virgin Islands,
BRU,673,BRN,bx,Yes,096,40,BX,BD,BN,BRU,BRU,BRU,Brunei Darussalam,True,,Brunéi Darussalam,Brunéi Darussalam (le),Brunei Dollar,Developing,Бруней-Даруссалам,Brunei Darussalam,BND,,Brunei Darussalam,096,文莱达鲁萨兰国,le Brunéi Darussalam,Бруней-Даруссалам,096,35,142,بروني دار السلام,2,بروني دار السلام,文莱达鲁萨兰国,,,Brunei Darussalam,Brunei Darussalam,文莱达鲁萨兰国,Brunei Darussalam,BRUNEI DARUSSALAM,,Asia,بروني دار السلام,South-eastern Asia,Бруней-Даруссалам,World,Bandar Seri Begawan,AS,.bn,"ms-BN,en-BN",1820814,Brunei,D9
BUL,359,BGR,bu,Yes,100,41,BU,BU,BG,BUL,BUL,BG,la República de Bulgaria,True,,Bulgarie,Bulgarie (la),Bulgarian Lev,Developed,Республика Болгария,Bulgaria,BGN,,Bulgaria,975,保加利亚共和国,la République de Bulgarie,Болгария,100,151,150,بلغاريا,2,جمهورية بلغاريا,保加利亚,,,Bulgaria,the Republic of Bulgaria,保加利亚,Bulgaria,BULGARIA,,Europe,بلغاريا,Eastern Europe,Болгария,World,Sofia,EU,.bg,"bg,tr-BG,rom",732800,Bulgaria,E0
BFA,226,BFA,uv,Yes,854,42,UV,HV,BF,BFA,BUR,BF,Burkina Faso,True,11,Burkina Faso,Burkina Faso (le),CFA Franc BCEAO,Developing,Буркина-Фасо,Burkina Faso,XOF,,Burkina Faso,952,布基纳法索,le Burkina Faso,Буркина-Фасо,854,202,2,بوركينا فاسو,0,بوركينا فاسو,布基纳法索,x,Western Africa,Burkina Faso,Burkina Faso,布基纳法索,Burkina Faso,BURKINA FASO,x,Africa,بوركينا فاسو,Sub-Saharan Africa,Буркина-Фасо,World,Ouagadougou,AF,.bf,"fr-BF,mos",2361809,Burkina Faso,X2
BDI,257,BDI,bd,Yes,108,43,BY,BI,BI,BDI,BDI,RU,la República de Burundi,True,14,Burundi,Burundi (le),Burundi Franc,Developing,Республика Бурунди,Burundi,BIF,,Burundi,108,布隆迪共和国,la République du Burundi,Бурунди,108,202,2,بوروندي,0,جمهورية بوروندي,布隆迪,x,Eastern Africa,Burundi,the Republic of Burundi,布隆迪,Burundi,BURUNDI,x,Africa,بوروندي,Sub-Saharan Africa,Бурунди,World,Bujumbura,AF,.bi,"fr-BI,rn",433561,Burundi,E2
CPV,238,CPV,cv,Yes,132,47,CV,CV,CV,CPV,CPV,CV,la República de Cabo Verde,True,11,Cabo Verde,Cabo Verde (sans article),Cabo Verde Escudo,Developing,Республика Кабо-Верде,Cabo Verde,CVE,x,Cabo Verde,132,佛得角共和国,la République de Cabo Verde,Кабо-Верде,132,202,2,كابو فيردي,2,جمهورية كابو فيردي,佛得角,,Western Africa,Cabo Verde,the Republic of Cabo Verde,佛得角,Cabo Verde,CABO VERDE,,Africa,كابو فيردي,Sub-Saharan Africa,Кабо-Верде,World,Praia,AF,.cv,pt-CV,3374766,Cape Verde,
CAM,855,KHM,cb,Yes,116,44,CB,KP,KH,CBG,CAM,K,el Reino de Camboya,True,,Cambodge,Cambodge (le),Riel,Developing,Королевство Камбоджа,Cambodia,KHR,,Camboya,116,柬埔寨王国,le Royaume du Cambodge,Камбоджа,116,35,142,كمبوديا,2,مملكة كمبوديا,柬埔寨,,,Camboya,the Kingdom of Cambodia,柬埔寨,Cambodia,CAMBODIA,x,Asia,كمبوديا,South-eastern Asia,Камбоджа,World,Phnom Penh,AS,.kh,"km,fr,en",1831722,Cambodia,E3
CMR,237,CMR,cm,Yes,120,45,CM,CM,CM,CME,CMR,CAM,la República del Camerún,True,17,Cameroun,Cameroun (le),CFA Franc BEAC,Developing,Республика Камерун,Cameroon,XAF,,Camerún (el),950,喀麦隆共和国,la République du Cameroun,Камерун,120,202,2,الكاميرون,0,جمهورية الكاميرون,喀麦隆,,Middle Africa,Camerún,the Republic of Cameroon,喀麦隆,Cameroon,CAMEROON,,Africa,الكاميرون,Sub-Saharan Africa,Камерун,World,Yaounde,AF,.cm,"en-CM,fr-CM",2233387,Cameroon,E4
CAN,1,CAN,xxc,Yes,124,46,CA,CN,CA,CAN,CAN,CDN,el Canadá,True,,Canada,Canada (le),Canadian Dollar,Developed,Канада,Canada,CAD,,Canadá (el),124,加拿大,le Canada,Канада,124,21,19,كندا,2,كندا,加拿大,,,Canadá,Canada,加拿大,Canada,CANADA,,Americas,كندا,Northern America,Канада,World,Ottawa,NA,.ca,"en-CA,fr-CA,iu",6251999,Canada,
CAY,1-345,CYM,cj,Territory of GB,136,48,CJ,GC,KY,CYM,CAY,KY,,True,29,Îles Caïmanes,,Cayman Islands Dollar,Developing,,,KYD,,,136,,,,136,419,19,جزر كايمان,2,,,,Caribbean,Islas Caimán,,开曼群岛,Cayman Islands,CAYMAN ISLANDS,,Americas,,Latin America and the Caribbean,Кайман острова,World,George Town,NA,.ky,en-KY,3580718,Cayman Islands,E9
CTA,236,CAF,cx,Yes,140,49,CT,CE,CF,CAF,CAF,RCA,la República Centroafricana,True,17,République centrafricaine,République centrafricaine (la),CFA Franc BEAC,Developing,Центральноафриканская Республика,Central African Republic (the),XAF,,República Centroafricana (la),950,中非共和国,la République centrafricaine,Центральноафриканская Республика,140,202,2,جمهورية أفريقيا الوسطى,0,جمهورية أفريقيا الوسطى,中非共和国,x,Middle Africa,República Centroafricana,the Central African Republic,中非共和国,Central African Republic,CENTRAL AFRICAN REPUBLIC,x,Africa,جمهورية أفريقيا الوسطى,Sub-Saharan Africa,Центральноафриканская Республика,World,Bangui,AF,.cf,"fr-CF,sg,ln,kg",239880,Central African Republic,F0
CHA,235,TCD,cd,Yes,148,50,CD,CD,TD,TCD,CHA,TCH,la República del Chad,True,17,Tchad,Tchad (le),CFA Franc BEAC,Developing,Республика Чад,Chad,XAF,,Chad (el),950,乍得共和国,la République du Tchad,Чад,148,202,2,تشاد,0,جمهورية تشاد,乍得,x,Middle Africa,Chad,the Republic of Chad,乍得,Chad,CHAD,x,Africa,تشاد,Sub-Saharan Africa,Чад,World,N'Djamena,AF,.td,"fr-TD,ar-TD,sre",2434508,Chad,F2
CHI,56,CHL,cl,Yes,152,51,CI,CH,CL,CHL,CHI,RCH,la República de Chile,True,5,Chili,Chili (le),Chilean Peso,Developing,Республика Чили,Chile,CLP,,Chile,152,智利共和国,la République du Chili,Чили,152,419,19,شيلي,0,جمهورية شيلي,智利,,South America,Chile,the Republic of Chile,智利,Chile,CHILE,,Americas,شيلي,Latin America and the Caribbean,Чили,World,Santiago,SA,.cl,es-CL,3895114,Chile,F3
CHN,86,CHN,cc,Yes,156,53,CH,CI,CN,CHN,CHN,CN,la República Popular China,True,,Chine,Chine (la),Yuan Renminbi,Developing,Китайская Народная Республика,China,CNY,,China,156,中华人民共和国,la République populaire de Chine,Китай,156,30,142,الصين,2,جمهورية الصين الشعبية,中国,,,China,the People's Republic of China,中国,China,CHINA,,Asia,الصين,Eastern Asia,Китай,World,Beijing,AS,.cn,"zh-CN,yue,wuu,dta,ug,za",1814991,China,F4
HKG,852,HKG, ,Part of CN,344,33364,HK,HK,HK,HKG,HKG,HK,,True,,"Chine, région administrative spéciale de Hong Kong",,Hong Kong Dollar,Developing,,,HKD,,,344,,,,344,30,142,منطقة هونغ كونغ الصينية الإدارية الخاصة,2,,,,,"China, región administrativa especial de Hong Kong",,中国香港特别行政区,"China, Hong Kong Special Administrative Region",HONG KONG,,Asia,,Eastern Asia,"Китай, Специальный административный район Гонконг",World,Hong Kong,AS,.hk,"zh-HK,yue,zh,en",1819730,Hong Kong,K3
MAC,853,MAC, ,Part of CN,446,149,MC,MU,MO,MAC,MAC,MO,,True,,"Chine, région administrative spéciale de Macao",,Pataca,Developing,,,MOP,,,446,,,,446,30,142,منطقة ماكاو الإدارية الخاصة التابعة للصين,2,,,,,"China, región administrativa especial de Macao",,中国澳门特别行政区,"China, Macao Special Administrative Region",MACAO,,Asia,,Eastern Asia,"Китай, Специальный административный район Макао",World,Macao,AS,.mo,"zh,zh-MO,pt",1821275,Macau,
CXR,61,CXR,xa,Territory of AU,162,54,KT,KI,CX,CHR, ,AUS,,True,,Île Christmas,,Australian Dollar,Developed,,,AUD,,,036,,,,162,53,9,جزيرة كريسماس,2,,,,,Isla de Navidad,,圣诞岛,Christmas Island,CHRISTMAS ISLAND,,Oceania,,Australia and New Zealand,остров Рождества,World,Flying Fish Cove,OC,.cx,"en,zh,ms-CC",2078138,Christmas Island,F6
CCK,61,CCK,xb,Territory of AU,166,56,CK,KK,CC,ICO, ,AUS,,True,,Îles des Cocos (Keeling),,Australian Dollar,Developed,,,AUD,,,036,,,,166,53,9,جزر كوكوس (كيلينغ),2,,,,,Islas Cocos (Keeling),,科科斯(基林)群岛,Cocos (Keeling) Islands,COCOS (KEELING) ISLANDS,,Oceania,,Australia and New Zealand,Кокосовых (Килинг) островов,World,West Island,AS,.cc,"ms-CC,en",1547376,Cocos (Keeling) Islands,F7
COL,57,COL,ck,Yes,170,57,CO,CO,CO,CLM,COL,CO,la República de Colombia,True,5,Colombie,Colombie (la),Colombian Peso,Developing,Республика Колумбия,Colombia,COP,,Colombia,170,哥伦比亚共和国,la République de Colombie,Колумбия,170,419,19,كولومبيا,2,جمهورية كولومبيا,哥伦比亚,,South America,Colombia,the Republic of Colombia,哥伦比亚,Colombia,COLOMBIA,,Americas,كولومبيا,Latin America and the Caribbean,Колумбия,World,Bogota,SA,.co,es-CO,3686110,Colombia,F8
COM,269,COM,cq,Yes,174,58,CN,IC,KM,COM,COM,KM,la Unión de las Comoras,True,14,Comores,Comores (les) [fém.],Comorian Franc ,Developing,Союз Коморских Островов,Comoros (the),KMF,x,Comoras (las),174,科摩罗联盟,l'Union des Comores,Коморские Острова,174,202,2,جزر القمر,0,اتحاد جزر القمر,科摩罗,,Eastern Africa,Comoras,the Union of the Comoros,科摩罗,Comoros,COMOROS,x,Africa,جزر القمر,Sub-Saharan Africa,Коморские Острова,World,Moroni,AF,.km,"ar,fr-KM",921929,Comoros,F9
CGO,242,COG,cf,Yes,178,59,CF,CG,CG,COG,CGO,RCB,la República del Congo,True,17,Congo,Congo (le),CFA Franc BEAC,Developing,Республика Конго,Congo (the),XAF,,Congo (el),950,刚果共和国,la République du Congo,Конго,178,202,2,الكونغو,0,جمهورية الكونغو,刚果,,Middle Africa,Congo,the Republic of the Congo,刚果,Congo,CONGO,,Africa,الكونغو,Sub-Saharan Africa,Конго,World,Brazzaville,AF,.cg,"fr-CG,kg,ln-CG",2260494,Congo - Brazzaville,G0
COK,682,COK,cw,Associated with NZ,184,60,CW,KU,CK,CKH,COK,NZ,las Islas Cook,True,,Îles Cook,Îles Cook (les)    **,New Zealand Dollar,Developing,Острова Кука,Cook Islands (the)    **,NZD,x,Islas Cook (las)    **,554,库克群岛,les Îles Cook,Острова Кука    **,184,61,9,جزر كوك,2,جزر كوك,库克群岛    **,,,Islas Cook,the Cook Islands,库克群岛,Cook Islands,COOK ISLANDS,,Oceania,جزر كوك    **,Polynesia,Острова Кука,World,Avarua,OC,.ck,"en-CK,mi",1899402,Cook Islands,G1
CRC,506,CRI,cr,Yes,188,61,CS,CS,CR,CTR,CRC,CR,la República de Costa Rica,True,13,Costa Rica,Costa Rica (le),Costa Rican Colon,Developing,Республика Коста-Рика,Costa Rica,CRC,,Costa Rica,188,哥斯达黎加共和国,la République du Costa Rica,Коста-Рика,188,419,19,كوستاريكا,2,جمهورية كوستاريكا,哥斯达黎加,,Central America,Costa Rica,the Republic of Costa Rica,哥斯达黎加,Costa Rica,COSTA RICA,,Americas,كوستاريكا,Latin America and the Caribbean,Коста-Рика,World,San Jose,NA,.cr,"es-CR,en",3624060,Costa Rica,G2
CRO,385,HRV,ci,Yes,191,62,HR,RH,HR,HRV,CRO,HR,la República de Croacia,True,,Croatie,Croatie (la),Kuna,Developed,Республика Хорватия,Croatia,HRK,,Croacia,191,克罗地亚共和国,la République de Croatie,Хорватия,191,39,150,كرواتيا,2,جمهورية كرواتيا,克罗地亚,,,Croacia,the Republic of Croatia,克罗地亚,Croatia,CROATIA,,Europe,كرواتيا,Southern Europe,Хорватия,World,Zagreb,EU,.hr,"hr-HR,sr",3202326,Croatia,1M
CUB,53,CUB,cu,Yes,192,63,CU,CU,CU,CUB,CUB,C,la República de Cuba,True,29,Cuba,Cuba [fém.],"Cuban Peso,Peso Convertible",Developing,Республика Куба,Cuba,"CUP,CUC",x,Cuba,"192,931",古巴共和国,la République de Cuba,Куба,192,419,19,كوبا,"2,2",جمهورية كوبا,古巴,,Caribbean,Cuba,the Republic of Cuba,古巴,Cuba,CUBA,,Americas,كوبا,Latin America and the Caribbean,Куба,World,Havana,NA,.cu,"es-CU,pap",3562981,Cuba,G3
,599,CUW,co,Part of NL,531,,UC,,CW,,,,,True,29,Curaçao,,Netherlands Antillean Guilder,Developing,,,ANG,x,,532,,,,531,419,19,كوراساو,2,,,,Caribbean,Curaçao,,库拉索,Curaçao,CURAÇAO,,Americas,,Latin America and the Caribbean,Кюрасао,World, Willemstad,NA,.cw,"nl,pap",7626836,Curaçao,
CYP,357,CYP,cy,Yes,196,64,CY,CY,CY,CYP,CYP,CY,la República de Chipre,True,,Chypre,Chypre [fém.],Euro,Developed,Республика Кипр,Cyprus,EUR,,Chipre,978,塞浦路斯共和国,la République de Chypre,Кипр,196,145,142,قبرص,2,جمهورية قبرص,塞浦路斯,,,Chipre,the Republic of Cyprus,塞浦路斯,Cyprus,CYPRUS,,Asia,قبرص,Western Asia,Кипр,World,Nicosia,EU,.cy,"el-CY,tr-CY,en",146669,Cyprus,G4
CZE,420,CZE,xr,Yes,203,65,EZ,CZ,CZ,CZE,CZE,CZ,la República Checa,True,,Tchéquie,République tchèque (la),Czech Koruna,Developed,Чешская Республика,Czech Republic (the),CZK,,República Checa (la),203,捷克共和国,la République tchèque,Чешская Республика,203,151,150,تشيكيا,2,الجمهورية التشيكية,捷克共和国,,,Chequia,the Czech Republic,捷克,Czechia,CZECHIA,,Europe,الجمهورية التشيكية,Eastern Europe,Чехия,World,Prague,EU,.cz,"cs,sk",3077311,Czechia,
CIV,225,CIV,iv,Yes,384,66,IV,IV,CI,CTI,CIV,CI,la República de Côte d'Ivoire,True,11,Côte d'Ivoire,Côte d'Ivoire (la),CFA Franc BCEAO,Developing,Республика Кот-д'Ивуар,Côte d'Ivoire,XOF,,Côte d'Ivoire,952,科特迪瓦共和国,la République de Côte d'Ivoire,Кот-д'Ивуар,384,202,2,كوت ديفوار,0,جمهورية كوت ديفوار,科特迪瓦,,Western Africa,Côte d'Ivoire,the Republic of Côte d'Ivoire,科特迪瓦,Côte d'Ivoire,CÔTE D'IVOIRE,,Africa,كوت ديفوار,Sub-Saharan Africa,Кот-д'Ивуар,World,Yamoussoukro,AF,.ci,fr-CI,2287781,Côte d’Ivoire,
PRK,850,PRK,kn,Yes,408,67,KN,KR,KP,KRE,PRK, ,la República Popular Democrática de Corea,True,,République populaire démocratique de Corée,République populaire démocratique de Corée (la),North Korean Won,Developing,Корейская Народно-Демократическая Республика,Democratic People's Republic of Korea (the),KPW,,República Popular Democrática de Corea (la),408,朝鲜民主主义人民共和国,la République populaire démocratique de Corée,Корейская Народно-Демократическая Республика,408,30,142,جمهورية كوريا الشعبية الديمقراطية,2,جمهورية كوريا الشعبية الديمقراطية,朝鲜民主主义人民共和国,,,República Popular Democrática de Corea,the Democratic People's Republic of Korea,朝鲜民主主义人民共和国,Democratic People's Republic of Korea,KOREA (THE DEMOCRATIC PEOPLE’S REPUBLIC OF),,Asia,جمهورية كوريا الشعبية الديمقراطية,Eastern Asia,Корейская Народно-Демократическая Республика,World,Pyongyang,AS,.kp,ko-KP,1873107,North Korea,
COD,243,COD,cg,Yes,180,68,CG,ZR,CD,COD,COD,ZRE,la República Democrática del Congo,True,17,République démocratique du Congo,République démocratique du Congo (la),Congolese Franc,Developing,Демократическая Республика Конго,Democratic Republic of the Congo (the),CDF,,República Democrática del Congo (la),976,刚果民主共和国,la République démocratique du Congo,Демократическая Республика Конго,180,202,2,جمهورية الكونغو الديمقراطية,2,جمهورية الكونغو الديمقراطية,刚果民主共和国,,Middle Africa,República Democrática del Congo,the Democratic Republic of the Congo,刚果民主共和国,Democratic Republic of the Congo,CONGO (THE DEMOCRATIC REPUBLIC OF THE),x,Africa,جمهورية الكونغو الديمقراطية,Sub-Saharan Africa,Демократическая Республика Конго,World,Kinshasa,AF,.cd,"fr-CD,ln,ktu,kg,sw,lua",203312,Congo - Kinshasa,
DEN,45,DNK,dk,Yes,208,69,DA,DN,DK,DNK,DEN,DK,el Reino de Dinamarca,True,,Danemark,Danemark (le),Danish Krone,Developed,Королевство Дания,Denmark,DKK,,Dinamarca,208,丹麦王国,le Royaume du Danemark,Дания,208,154,150,الدانمرك,2,مملكة الدانمرك,丹麦,,,Dinamarca,the Kingdom of Denmark,丹麦,Denmark,DENMARK,,Europe,الدانمرك,Northern Europe,Дания,World,Copenhagen,EU,.dk,"da-DK,en,fo,de-DK",2623032,Denmark,G7
DJI,253,DJI,ft,Yes,262,70,DJ,DJ,DJ,DJI,DJI,F,la República de Djibouti,True,14,Djibouti,Djibouti [masc.],Djibouti Franc,Developing,Республика Джибути,Djibouti,DJF,,Djibouti,262,吉布提共和国,la République de Djibouti,Джибути,262,202,2,جيبوتي,0,جمهورية جيبوتي,吉布提,,Eastern Africa,Djibouti,the Republic of Djibouti,吉布提,Djibouti,DJIBOUTI,x,Africa,جيبوتي,Sub-Saharan Africa,Джибути,World,Djibouti,AF,.dj,"fr-DJ,ar,so-DJ,aa",223816,Djibouti,1G
DMA,1-767,DMA,dq,Yes,212,71,DO,DO,DM,DMA,DMA,WD,el Commonwealth de Dominica,True,29,Dominique,Dominique (la),East Caribbean Dollar,Developing,Содружество Доминики,Dominica,XCD,x,Dominica,951,多米尼克国,le Commonwealth de Dominique,Доминика,212,419,19,دومينيكا,2,كمنولث دومينيكا,多米尼克,,Caribbean,Dominica,the Commonwealth of Dominica,多米尼克,Dominica,DOMINICA,,Americas,دومينيكا,Latin America and the Caribbean,Доминика,World,Roseau,NA,.dm,en-DM,3575830,Dominica,G9
DOM,"1-809,1-829,1-849",DOM,dr,Yes,214,72,DR,DR,DO,DOM,DOM,DOM,la República Dominicana,True,29,République dominicaine,République dominicaine (la),Dominican Peso,Developing,Доминиканская Республика,Dominican Republic (the),DOP,x,República Dominicana (la),214,多米尼加共和国,la République dominicaine,Доминиканская Республика,214,419,19,الجمهورية الدومينيكية,2,الجمهورية الدومينيكية,多米尼加,,Caribbean,República Dominicana,the Dominican Republic,多米尼加,Dominican Republic,DOMINICAN REPUBLIC,,Americas,الجمهورية الدومينيكية,Latin America and the Caribbean,Доминиканская Республика,World,Santo Domingo,NA,.do,es-DO,3508796,Dominican Republic,G8
ECU,593,ECU,ec,Yes,218,73,EC,EQ,EC,EQA,ECU,EC,la República del Ecuador,True,5,Équateur,Équateur (l') [masc.],US Dollar,Developing,Республика Эквадор,Ecuador,USD,,Ecuador (el),840,厄瓜多尔共和国,la République de l'Équateur,Эквадор,218,419,19,إكوادور,2,جمهورية إكوادور,厄瓜多尔,,South America,Ecuador,the Republic of Ecuador,厄瓜多尔,Ecuador,ECUADOR,,Americas,إكوادور,Latin America and the Caribbean,Эквадор,World,Quito,SA,.ec,es-EC,3658394,Ecuador,H1
EGY,20,EGY,ua,Yes,818,40765,EG,EG,EG,EGY,EGY,ET,la República Árabe de Egipto,True,,Égypte,Égypte (l') [fém.],Egyptian Pound,Developing,Арабская Республика Египет,Egypt,EGP,,Egipto,818,阿拉伯埃及共和国,la République arabe d'Égypte,Египет,818,15,2,مصر,2,جمهورية مصر العربية,埃及,,,Egipto,the Arab Republic of Egypt,埃及,Egypt,EGYPT,,Africa,مصر,Northern Africa,Египет,World,Cairo,AF,.eg,"ar-EG,en,fr",357994,Egypt,H2
SLV,503,SLV,es,Yes,222,75,ES,ES,SV,SLV,ESA,ES,la República de El Salvador,True,13,El Salvador,El Salvador [masc.],"El Salvador Colon,US Dollar",Developing,Республика Эль-Сальвадор,El Salvador,"SVC,USD",,El Salvador,"222,840",萨尔瓦多共和国,la République d'El Salvador,Сальвадор,222,419,19,السلفادور,"2,2",جمهورية السلفادور,萨尔瓦多,,Central America,El Salvador,the Republic of El Salvador,萨尔瓦多,El Salvador,EL SALVADOR,,Americas,السلفادور,Latin America and the Caribbean,Сальвадор,World,San Salvador,NA,.sv,es-SV,3585968,El Salvador,H3
EQG,240,GNQ,eg,Yes,226,76,EK,GQ,GQ,GNE,GEQ,EQ,la República de Guinea Ecuatorial,True,17,Guinée équatoriale,Guinée équatoriale (la),CFA Franc BEAC,Developing,Республика Экваториальная Гвинея,Equatorial Guinea,XAF,,Guinea Ecuatorial,950,赤道几内亚共和国,la République de Guinée équatoriale,Экваториальная Гвинея,226,202,2,غينيا الاستوائية,0,جمهورية غينيا الاستوائية,赤道几内亚,,Middle Africa,Guinea Ecuatorial,the Republic of Equatorial Guinea,赤道几内亚,Equatorial Guinea,EQUATORIAL GUINEA,,Africa,غينيا الاستوائية,Sub-Saharan Africa,Экваториальная Гвинея,World,Malabo,AF,.gq,"es-GQ,fr",2309096,Equatorial Guinea,H4
ERI,291,ERI,ea,Yes,232,77,ER, ,ER,ERI,ERI,ER,el Estado de Eritrea,True,14,Érythrée,Érythrée (l') [fém.],Nakfa,Developing,Государство Эритрея,Eritrea,ERN,,Eritrea,232,厄立特里亚国,l'État d'Érythrée,Эритрея,232,202,2,إريتريا,2,دولة إريتريا,厄立特里亚,,Eastern Africa,Eritrea,the State of Eritrea,厄立特里亚,Eritrea,ERITREA,x,Africa,إريتريا,Sub-Saharan Africa,Эритрея,World,Asmara,AF,.er,"aa-ER,ar,tig,kun,ti-ER",338010,Eritrea,1J
EST,372,EST,er,Yes,233,78,EN,EO,EE,EST,EST,EST,la República de Estonia,True,,Estonie,Estonie (l') [fém.],Euro,Developed,Эстонская Республика,Estonia,EUR,,Estonia,978,爱沙尼亚共和国,la République d'Estonie,Эстония,233,154,150,إستونيا,2,جمهورية إستونيا,爱沙尼亚,,,Estonia,the Republic of Estonia,爱沙尼亚,Estonia,ESTONIA,,Europe,إستونيا,Northern Europe,Эстония,World,Tallinn,EU,.ee,"et,ru",453733,Estonia,1H
SWZ,268,SWZ,sq,Yes,748,235,WZ,SV,SZ,SWZ,SWZ,SD,,True,18,Eswatini,,Lilangeni,Developing,,,SZL,,,748,,,,748,202,2,إسواتيني,2,,,x,Southern Africa,Suazilandia,,斯威士兰,Eswatini,ESWATINI,,Africa,,Sub-Saharan Africa,Эсватини,World,Mbabane,AF,.sz,"en-SZ,ss-SZ",934841,Eswatini,
ETH,251,ETH,et,Yes,231,79,ET,ET,ET,ETH,ETH,ETH,la República Democrática Federal de Etiopía,True,14,Éthiopie,Éthiopie (l') [fém.],Ethiopian Birr,Developing,Федеративная Демократическая Республика Эфиопия,Ethiopia,ETB,,Etiopía,230,埃塞俄比亚联邦民主共和国,la République fédérale démocratique d'Éthiopie,Эфиопия,231,202,2,إثيوبيا,2,جمهورية إثيوبيا الديمقراطية الاتحادية,埃塞俄比亚,x,Eastern Africa,Etiopía,the Federal Democratic Republic of Ethiopia,埃塞俄比亚,Ethiopia,ETHIOPIA,x,Africa,إثيوبيا,Sub-Saharan Africa,Эфиопия,World,Addis Ababa,AF,.et,"am,en-ET,om-ET,ti-ET,so-ET,sid",337996,Ethiopia,H5
FLK,500,FLK,fk,Territory of GB,238,81,FK,FK,FK,FLK,FLK, ,,True,5,Îles Falkland (Malvinas),,,Developing,,,,,,,,,,238,419,19,جزر فوكلاند (مالفيناس),,,,,South America,Islas Malvinas (Falkland),,福克兰群岛(马尔维纳斯),Falkland Islands (Malvinas),,,Americas,,Latin America and the Caribbean,Фолклендские (Мальвинские) острова,World,Stanley,SA,.fk,en-FK,3474414,Falkland Islands,
FRO,298,FRO,fa,Part of DK,234,82,FO,FA,FO,FRO,FAR,FO,,True,,Îles Féroé,,Danish Krone,Developed,,,DKK,,,208,,,,234,154,150,جزر فايرو,2,,,,,Islas Feroe,,法罗群岛,Faroe Islands,FAROE ISLANDS,,Europe,,Northern Europe,Фарерские острова,World,Torshavn,EU,.fo,"fo,da-FO",2622320,Faroe Islands,H6
FIJ,679,FJI,fj,Yes,242,83,FJ,FJ,FJ,FJI,FIJ,FJI,la República de Fiji,True,,Fidji,Fidji (les) [fém.],Fiji Dollar,Developing,Республика  Фиджи,Fiji,FJD,x,Fiji,242,斐济共和国,la République des Fidji,Фиджи,242,54,9,فيجي,2,جمهورية فيجي,斐济,,,Fiji,the Republic of Fiji,斐济,Fiji,FIJI,,Oceania,فيجي,Melanesia,Фиджи,World,Suva,OC,.fj,"en-FJ,fj",2205218,Fiji,H8
FIN,358,FIN,fi,Yes,246,84,FI,FI,FI,FIN,FIN,FIN,la República de Finlandia,True,,Finlande,Finlande (la),Euro,Developed,Финляндская Республика,Finland,EUR,,Finlandia,978,芬兰共和国,la République de Finlande,Финляндия,246,154,150,فنلندا,2,جمهورية فنلندا,芬兰,,,Finlandia,the Republic of Finland,芬兰,Finland,FINLAND,,Europe,فنلندا,Northern Europe,Финляндия,World,Helsinki,EU,.fi,"fi-FI,sv-FI,smn",660013,Finland,H9
FRA,33,FRA,fr,Yes,250,85,FR,FR,FR,F,FRA,F,la República Francesa,True,,France,France (la),Euro,Developed,Французская Республика,France,EUR,,Francia,978,法兰西共和国,la République française,Франция,250,155,150,فرنسا,2,الجمهورية الفرنسية,法国,,,Francia,the French Republic,法国,France,FRANCE,,Europe,فرنسا,Western Europe,Франция,World,Paris,EU,.fr,"fr-FR,frp,br,co,ca,eu,oc",3017382,France,I0
GUF,594,GUF,fg,Part of FR,254,86,FG,FG,GF,GUF,FGU,F,,True,5,Guyane française,,Euro,Developing,,,EUR,,,978,,,,254,419,19,غيانا الفرنسية,2,,,,South America,Guayana Francesa,,法属圭亚那,French Guiana,FRENCH GUIANA,,Americas,,Latin America and the Caribbean,Французская Гвиана,World,Cayenne,SA,.gf,fr-GF,3381670,French Guiana,I3
TAH,689,PYF,fp,Territory of FR,258,87,FP,PF,PF,OCE,FPO,F,,True,,Polynésie française,,CFP Franc,Developing,,,XPF,x,,953,,,,258,61,9,بولينيزيا الفرنسية,0,,,,,Polinesia Francesa,,法属波利尼西亚,French Polynesia,FRENCH POLYNESIA,,Oceania,,Polynesia,Французская Полинезия,World,Papeete,OC,.pf,"fr-PF,ty",4030656,French Polynesia,I4
,262,ATF,fs,Territory of FR,260,88,FS, ,TF, , ,F,,True,14,Terres australes françaises,,Euro,Developing,,,EUR,,,978,,,,260,202,2,الأراضي الفرنسية الجنوبية الجنوبية,2,,,,Eastern Africa,Territorio de las Tierras Australes Francesas,,法属南方领地,French Southern Territories,FRENCH SOUTHERN TERRITORIES,,Africa,,Sub-Saharan Africa,Южные земли (французская заморская территория),World,Port-aux-Francais,AN,.tf,fr,1546748,French Southern Territories,2C
GAB,241,GAB,go,Yes,266,89,GB,GO,GA,GAB,GAB,G,la República Gabonesa,True,17,Gabon,Gabon (le),CFA Franc BEAC,Developing,Габонская Республика,Gabon,XAF,,Gabón (el),950,加蓬共和国,la République gabonaise,Габон,266,202,2,غابون,0,جمهورية الغابون,加蓬,,Middle Africa,Gabón,the Gabonese Republic,加蓬,Gabon,GABON,,Africa,غابون,Sub-Saharan Africa,Габон,World,Libreville,AF,.ga,fr-GA,2400553,Gabon,I5
GAM,220,GMB,gm,Yes,270,90,GA,GB,GM,GMB,GAM,WAG,la República de Gambia,True,11,Gambie,Gambie (la),Dalasi,Developing,Республика Гамбия,Gambia (the),GMD,,Gambia,270,冈比亚共和国,la République de Gambie,Гамбия,270,202,2,غامبيا,2,جمهورية غامبيا,冈比亚,,Western Africa,Gambia,the Republic of the Gambia,冈比亚,Gambia,GAMBIA,x,Africa,غامبيا,Sub-Saharan Africa,Гамбия,World,Banjul,AF,.gm,"en-GM,mnk,wof,wo,ff",2413451,Gambia,I6
GEO,995,GEO,gs,Yes,268,92,GG,GG,GE,GEO,GEO,GE,Georgia,True,,Géorgie,Géorgie (la),Lari,Developing,Грузия,Georgia,GEL,,Georgia,981,格鲁